title,brand,price,currency,PreReduction_Price,discount
Youth 530,New Balance,52.25,BHD,,
Kids Breakbase,Adidas,18.9,BHD,22.66,-17%
Youth Copa Pure IV Club IN,Adidas,13.78,BHD,22.66,-40%
Kids Copa Pure Iv League Tf,Adidas,17.99,BHD,30.24,-41%
Tensaur Switch Shoes Kids,Adidas,15.6,BHD,20.49,-24%
Kids Handball Spezial,adidas Originals,20.38,BHD,30.24,-33%
Youth 408,New Balance,21.97,BHD,27.00,-19%
Youth Gel-Nyc Gs,asics,49.51,BHD,52.36,-6%
Kids Campus 00S C,adidas Originals,20.95,BHD,35.67,-42%
Youth Deportivo III TF,Adidas,13.78,BHD,18.32,-25%
Youth Runfalcon 5,Adidas,18.78,BHD,24.83,-25%
Kids Samba Og,adidas Originals,32.9,BHD,,
Kids Runfalcon 5 El,Adidas,16.39,BHD,21.57,-25%
Kids Chuck Taylor All Star,CONVERSE,14.57,BHD,27.00,-47%
Youth Gazelle,adidas Originals,12.63,BHD,43.26,-71%
Nike Jr. Tiempo Legend 10 Academy,Nike,10.02,BHD,35.67,-72%
AIR MAX 270 BG,Nike,28,BHD,67.75,-59%
Youth Tensaur Run 3.0,Adidas,11.95,BHD,22.66,-48%
Kids Chuck Taylor All Star,CONVERSE,11.5,BHD,19.41,-41%
Kids Club Ii Era,PUMA,17.76,BHD,28.08,-37%
Youth Runfalcon 5 El,Adidas,12.98,BHD,21.57,-40%
Kids Smash 3.0 L V Ps,PUMA,11.73,BHD,21.57,-46%
Infant Samba Og Cf El,adidas Originals,22.42,BHD,30.24,-26%
Youth Handball Spezial,adidas Originals,30.62,BHD,46.50,-35%
NIKE STAR RUNNER 5 GS,Nike,35.17,BHD,,
Infant Samba Og Cf El,adidas Originals,21.4,BHD,25.91,-18%
Youth Rickie,PUMA,19.58,BHD,21.57,-10%
Youth Terrain Clogs,crocs,23.79,BHD,,
Youth Gel-Nyc Gs,asics,42.46,BHD,48.78,-13%
Tensaur Comfort Shoes Kids,Adidas,23.79,BHD,,
Infant Vl Court 3.0 Cf,Adidas,23.11,BHD,24.93,-8%
Kids Bounder,SKECHERS,12.07,BHD,16.48,-27%
Kids Runfalcon 5 El,Adidas,16.39,BHD,21.57,-25%
Kids Bounder,SKECHERS,14,BHD,16.48,-16%
Youth Gazelle,adidas Originals,28.69,BHD,43.26,-34%
Kids Duramo Sl2 El C,Adidas,18.9,BHD,22.66,-17%
Kids Go Run 400 V2,SKECHERS,18.44,BHD,,
Kids Tensaur Comfort Ac,Adidas,16.39,BHD,21.57,-25%
Kids Chuck Taylor All Star,CONVERSE,14.57,BHD,27.00,-47%
Youth Advantage Base 2.0,Adidas,17.07,BHD,22.66,-25%
Kids Barreda Decode Elsa,Adidas,20.26,BHD,27.00,-25%
Kids Duramo Sl2 El,Adidas,17.87,BHD,22.66,-22%
Nike Jr. Tiempo Legend 10 Academy,Nike,10.02,BHD,35.67,-72%
Infant Duramo Sl2 El,Adidas,17.64,BHD,20.49,-14%
Kids Handball Spezial,adidas Originals,35.17,BHD,,
Infant Runfalcon 5 El,Adidas,17.64,BHD,19.41,-10%
Kids Tensaur Comfort Ac,Adidas,15.94,BHD,21.57,-27%
Infant Grand Court Mickey,Adidas,16.74,BHD,22.66,-27%
Kids Duramo Sl2 El,Adidas,17.07,BHD,22.66,-25%
Youth Grand Court 3.0,Adidas,16.39,BHD,22.66,-28%
Kids Club Ii Era V Ps,PUMA,15.25,BHD,25.91,-42%
Infant Adilette Estrap Buz,Adidas,11.16,BHD,13.98,-21%
Youth Runfalcon 5,Adidas,17.76,BHD,24.83,-29%
Infant Samba Crib,adidas Originals,14.68,BHD,20.49,-29%
Kids Campus 00S C,adidas Originals,20.95,BHD,35.67,-42%
Infant Vl Court 3.0 Cf,Adidas,23.68,BHD,24.83,-5%
Infant Vl Court 3.0 Cf,Adidas,17.07,BHD,22.66,-25%
Kids Adifom Samba 360 C,adidas Originals,27.43,BHD,35.67,-24%
AIR MAX 270 BG,Nike,28,BHD,67.75,-59%
Kids Grand Court Spider-Man,Adidas,20.26,BHD,27.00,-25%
Kids Grand Court 00S,Adidas,19.46,BHD,27.00,-28%
Infant Vl Court 3.0 Cf,Adidas,23.68,BHD,24.83,-5%
Kids Campus 00S El C,adidas Originals,15.48,BHD,35.67,-57%
Infant Vl Court 3.0 Cf,Adidas,17.07,BHD,22.66,-25%
Kids Campus 00S C,adidas Originals,20.95,BHD,35.67,-42%
Kids All-Day Active Ac+ Ps,PUMA,11.38,BHD,20.49,-45%
Youth Barreda Decode,Adidas,18.33,BHD,28.08,-35%
Infant Tensaur Switch Cf,Adidas,14.57,BHD,18.32,-21%
Kids Water Sandal Spider,Adidas,20.03,BHD,25.91,-23%
Youth 530,New Balance,52.25,BHD,,
Infant Gazellef El,adidas Originals,18.21,BHD,27.00,-33%
Kids Handball Spezial,adidas Originals,19.35,BHD,32.41,-41%
Kids Samba Og Cf El C,adidas Originals,26.52,BHD,35.67,-26%
Kids Smash 3.0 L V Ps,PUMA,11.73,BHD,21.57,-46%
Air Jordan 1 Mid,Jordan,37.34,BHD,57.35,-35%
Kids Smash 3.0 L V Ps,PUMA,9.79,BHD,21.57,-55%
Unisex Kids BMW M Motorsport Drift Cat Decima motorsport shoe,BMW Motorsport,11.99,BHD,37.51,-69%
Infant Campus 00S Cf El,adidas Originals,16.28,BHD,30.24,-47%
Kids Grand Court Minnie,Adidas,12.52,BHD,27.00,-54%
Nike Metro Tek,Nike,14.91,BHD,37.83,-61%
Kids Old Skool V Sneakers,VANS,10.81,BHD,24.83,-57%
Kids Tensaur Run 3.0 El,Adidas,12.63,BHD,19.41,-35%
Kids Gel-1130 Ps,asics,39.27,BHD,,
Infant Tensaur Comfort Ac,Adidas,15.03,BHD,19.41,-23%
NIKE COSMIC RUNNER TD,Nike,23.79,BHD,,
Kids Vl Court 3.0,Adidas,22.08,BHD,25.91,-15%
Kids Classic Clogs,crocs,21.52,BHD,,
Infant Bubblecomfy,Adidas,17.07,BHD,20.49,-17%
Kids Tensaur Run 3.0 El,Adidas,18.78,BHD,19.41,-4%
Kids Gel-1130 Ps,asics,36.31,BHD,36.32,-1%
Kids Flexfocus Sliptech Ps,PUMA,11.38,BHD,19.41,-42%
Youth Softride Cosmic Street Sliptech,PUMA,15.82,BHD,29.16,-46%
Kids Club Ii Era,PUMA,17.76,BHD,28.08,-37%
Youth Runfalcon 5 El,Adidas,12.98,BHD,21.57,-40%
Kids Altaswim 3 C,Adidas,12.63,BHD,18.32,-32%
Kids Smash 3.0 L V Ps,PUMA,11.73,BHD,21.57,-46%
Kids Gel-1130 Ps,asics,31.87,BHD,36.32,-13%
Infant Tensaur Run 3.0 El,Adidas,15.25,BHD,20.49,-26%
Infant Flexfocus Modern Ac+,PUMA,19.24,BHD,,
Kids Tensaur Run 3.0 El,Adidas,16.74,BHD,22.66,-27%
Kids Breakbase C,Adidas,18.9,BHD,22.66,-17%
Youth Cloud Play,On Running,58.05,BHD,,
COURT BOROUGH LOW RECRAFT BPV,Nike,32.9,BHD,,
Air Jordan 1 Mid,Jordan,37.34,BHD,57.35,-35%
Nike Flex Runner 4,Nike,27.2,BHD,,
Kids Smash 3.0 L V Ps,PUMA,9.79,BHD,21.57,-55%
Kids Vl Court 3.0,Adidas,19.01,BHD,25.91,-27%
Youth Adizero Evo Sl,Adidas,69.32,BHD,,
Adilette Sandals,Adidas,16.96,BHD,,
Unisex Kids BMW M Motorsport Drift Cat Decima motorsport shoe,BMW Motorsport,11.99,BHD,37.51,-69%
Kids Handball Spezial,adidas Originals,17.76,BHD,30.24,-42%
Infant Summerflex I,Adidas,19.69,BHD,22.66,-14%
Youth Duramo Sl2,Adidas,18.56,BHD,25.91,-29%
Nike Flex Runner 4,Nike,27.2,BHD,,
Kids Adilette Shower Logo,Adidas,9.45,BHD,12.90,-27%
Kids Air Max 270 Bp,Nike,31.87,BHD,48.67,-35%
578 Sports Shoes,New Balance,21.52,BHD,,
Kids Rincon 4 Big Kids,Hoka,49.51,BHD,,
Kids Adilette Aqua,Adidas,7.85,BHD,10.73,-27%
Infant Tensaur Run 3.0 El,Adidas,15.25,BHD,20.49,-26%
Kids Grand Court Minnie,Adidas,12.52,BHD,27.00,-54%
Youth Samba Og,adidas Originals,46.33,BHD,46.50,-1%
Nike Metro Tek,Nike,14.91,BHD,37.83,-61%
Kids Duramo Sl2 El,Adidas,17.07,BHD,22.66,-25%
Infant Flexfocus Modern Ac+,PUMA,19.24,BHD,,
Nike Dunk Low,Nike,37.11,BHD,48.67,-24%
Kids Sunray Protect 4 Bp,Nike,18.56,BHD,24.83,-26%
Youth Handball Spezial,adidas Originals,28.23,BHD,46.50,-40%
Infant Breaknet 3.0 Cf,Adidas,15.94,BHD,18.32,-14%
Kids Adifom Samba 360 C,adidas Originals,24.93,BHD,43.26,-43%
Kids Gel-Nyc Ps,asics,33.58,BHD,42.82,-22%
Youth Tensaur Switch,Adidas,16.74,BHD,22.66,-27%
Youth Omni Multi-Court Gs,Nike,16.39,BHD,30.24,-46%
Kids Fun Racer 2 Ac+ Ps,PUMA,10.59,BHD,18.32,-43%
Infant Adifom Samba 360 I,adidas Originals,17.42,BHD,30.24,-43%
Kids Ps Lockdown 7,UNDER ARMOUR,13.66,BHD,30.24,-55%
"Kids' Black Velcro Strap Sneakers Shoes - Easy-On, Day Fun for Little Explorers!",U.S. Polo Assn.,18.91,BHD,33.22,-44%
Nike Air Max SC,Nike,20.26,BHD,41.09,-51%
Youth Cosmic Runner Gs,Nike,20.26,BHD,30.24,-34%
Nike Air Max Nova,Nike,27.09,BHD,41.09,-35%
Infant Lightorama Rnr El,Adidas,15.37,BHD,25.91,-41%
Infant Fun Racer 2 Ac+,PUMA,7.51,BHD,16.15,-54%
Kids Old Skool V Sneakers,VANS,10.81,BHD,24.83,-57%
Youth Dunk Low Retro Bttys,Nike,27.43,BHD,35.67,-24%
Youth Grand Court 3.0,Adidas,17.99,BHD,22.66,-21%
Kids Tensaur Run 3.0 El,Adidas,12.63,BHD,19.41,-35%
Infant Samba Og Cf El,adidas Originals,24.7,BHD,25.91,-5%
Youth Omni Multi-Court Gs,Nike,16.39,BHD,30.24,-46%
Youth Gel-1130 Gs,asics,43.26,BHD,,
Youth Cosmic Runner Gs,Nike,35.17,BHD,,
Kids Deportivo Iii Tf,Adidas,15.82,BHD,18.32,-14%
Kids Tensaur Run 3.0 El,Adidas,16.74,BHD,22.66,-27%
Nike Flex Runner 4,Nike,29.48,BHD,,
Tensaur Hook and Loop Shoes,Adidas,20.38,BHD,,
Youth Advantage Base 2.0,Adidas,17.87,BHD,22.66,-22%
Youth Flex Runner 4 Gs,Nike,29.48,BHD,,
Kids Samba Og,adidas Originals,23.45,BHD,30.24,-23%
Youth V5 Rnr Gs,Nike,46.55,BHD,,
Infant Grand Court Minnie,Adidas,24.93,BHD,,
Kids Fun Racer 2 Ac+ Ps,PUMA,10.59,BHD,18.32,-43%
Kids Grand Court Capt America El,Adidas,16.96,BHD,27.00,-38%
COURT BOROUGH MID 2 BPV,Nike,35.17,BHD,,
Youth Terrain Clogs,crocs,23.79,BHD,,
Youth Fortarun 4.0,Adidas,20.26,BHD,28.08,-28%
Infant Chuck Taylor All Star Cribster,CONVERSE,15.82,BHD,16.15,-3%
Infant Adifom Samba 360 I,adidas Originals,17.42,BHD,30.24,-43%
COURT BOROUGH LOW RECRAFT BG,Nike,40.87,BHD,,
Kids Go Run 400 V2,SKECHERS,12.41,BHD,16.48,-25%
Kids Gt-1000 14 Ps,asics,34.15,BHD,,
Kids Microspec Velocity,SKECHERS,14.57,BHD,18.21,-21%
Kids Runfalcon 5 El,Adidas,16.39,BHD,21.57,-25%
Kids Leadcat 2.0,PUMA,8.65,BHD,12.90,-33%
Youth Cloud Sky,On Running,66.59,BHD,,
Kids Ps Lockdown 7,UNDER ARMOUR,13.66,BHD,30.24,-55%
Youth X-Ray 3 Lt,PUMA,14.91,BHD,25.91,-43%
"Kids' Black Velcro Strap Sneakers Shoes - Easy-On, Day Fun for Little Explorers!",U.S. Polo Assn.,18.91,BHD,33.22,-44%
Infant Vl Court Woody Cf,Adidas,24.93,BHD,,
Kids Barreda Decode El C,Adidas,19.69,BHD,22.66,-14%
Youth Breaknet 3.0,Adidas,19.46,BHD,22.66,-15%
Kids Go Run 400 V2,SKECHERS,18.44,BHD,,
Infant Handball Spezial Cf,adidas Originals,23.11,BHD,27.00,-15%
Youth 327,New Balance,46.55,BHD,,
Kids Breakbase C,Adidas,17.19,BHD,22.66,-25%
Youth P-6000 Bg,Nike,55.66,BHD,,
Kids Vl Court Woody El C,Adidas,24.7,BHD,30.24,-19%
Kids Go Run 400 V2,SKECHERS,12.29,BHD,16.48,-26%
Infant Grand Court 2.0,Adidas,20.38,BHD,,
Youth Suede Xl,PUMA,40.87,BHD,,
Youth Cosmic Runner Gs,Nike,20.26,BHD,30.24,-34%
Kids Fortarun 4.0 El C,Adidas,18.56,BHD,25.91,-29%
Nike Air Max Nova,Nike,27.09,BHD,41.09,-35%
Infant Lightorama Rnr El,Adidas,15.37,BHD,25.91,-41%
Kids Adilette Estrap 2.0,Adidas,11.04,BHD,13.98,-22%
Adifom Adilette Slides Kids,adidas Originals,19.58,BHD,22.65,-14%
Youth Breakbase,Adidas,19.35,BHD,25.91,-26%
Kids Fisherman Sandals,crocs,21.52,BHD,,
Infant Tensaur Run 3.0 El,Adidas,17.64,BHD,18.32,-4%
Kids 530,New Balance,49.97,BHD,,
Youth Air Jordan 4 Rm Bg,Jordan,32.44,BHD,62.76,-49%
Youth Soft Wired 2 Sliptech Ps,PUMA,12.63,BHD,24.83,-50%
Kids Fisherman Sandals,crocs,21.52,BHD,,
Youth Air Jordan 4 Rm Bg,Jordan,32.44,BHD,62.76,-49%
Youth Soft Wired 2 Sliptech Ps,PUMA,12.63,BHD,24.83,-50%
Kids Navy Low-Top Casual  Slip On Sneakers - Sleek Everyday Style and Comfort for Effortless Wear,U.S. Polo Assn.,22.48,BHD,40.37,-45%
Youth Copa Pure IV Club FG,Adidas,14.46,BHD,22.66,-37%
Infant Campus 00S Cf El,adidas Originals,17.42,BHD,30.24,-43%
Kids All-Day Active Ac+ Ps,PUMA,12.07,BHD,20.49,-42%
Infant Handball Spezial,adidas Originals,15.6,BHD,27.00,-43%
Youth Pegasus Trail 5 Gs,Nike,25.95,BHD,62.76,-59%
Youth Lightblaze,Adidas,22.99,BHD,32.41,-30%
Youth Court Borough Low Recraft Bg,Nike,44.28,BHD,,
Infant Handball Spezial Cf,adidas Originals,22.2,BHD,27.00,-18%
Infant Duramo Sl2 El,Adidas,16.17,BHD,20.49,-22%
Youth F50 Club TF,Adidas,17.64,BHD,25.91,-32%
Youth Graviton,PUMA,14.57,BHD,27.00,-47%
Kids Tensaur Sport 3.0,Adidas,13.32,BHD,19.41,-32%
Kids Grand Court 00S,Adidas,19.35,BHD,25.91,-26%
Kids Navy Low-Top Casual  Slip On Sneakers - Sleek Everyday Style and Comfort for Effortless Wear,U.S. Polo Assn.,22.48,BHD,40.37,-45%
Nike Air Max Nova,Nike,44.28,BHD,,
Youth Flex Runner 4 Gs,Nike,29.48,BHD,,
Kids Pokemon Print Classic Clog,crocs,22.31,BHD,30.24,-27%
Youth Copa Pure IV Club FG,Adidas,14.46,BHD,22.66,-37%
Infant Campus 00S Cf El,adidas Originals,17.42,BHD,30.24,-43%
Kids All-Day Active Ac+ Ps,PUMA,12.07,BHD,20.49,-42%
Youth Crocband Clogs,crocs,19.81,BHD,24.83,-21%
Kids R78 Lightwind V Ps,PUMA,12.63,BHD,21.57,-42%
Kids Milano EVA  Narrow Fit Sandals,BIRKENSTOCK,21.52,BHD,,
Infant Handball Spezial,adidas Originals,15.6,BHD,27.00,-43%
Youth Handball Spezial,adidas Originals,34.15,BHD,46.50,-27%
Kids Go Run 400 V2,SKECHERS,13.09,BHD,16.48,-21%
Youth Pegasus Trail 5 Gs,Nike,25.95,BHD,62.76,-59%
Youth Flex Runner 4 Gs,Nike,21.06,BHD,27.00,-22%
NIKE COSMIC RUNNER GS,Nike,35.17,BHD,,
Youth P-6000 Bg,Nike,31.87,BHD,48.67,-35%
Kids Tensaur Comfort Ac,Adidas,13.55,BHD,21.57,-38%
Kids Bounder,SKECHERS,12.07,BHD,16.48,-27%
Youth Star Runner 5 Gs,Nike,20.26,BHD,30.24,-34%
Kids Runfalcon 5 El,Adidas,23.79,BHD,,
Kids Duramo Sl,Adidas,24.93,BHD,,
Kids Speedcat Paw Patrol Ps,PUMA,40.87,BHD,,
Kids Evolve Run Sl Ac+ Ps,PUMA,21.52,BHD,,
Kids Predator Club Ft El Fg/Mg,Adidas,30.62,BHD,,
Youth Novablast 5 Gs,asics,44.96,BHD,,
Kids Max Invigor Bp,Nike,44.28,BHD,,
NIKE DUNK LOW N BP,Nike,46.55,BHD,,
Youth Air Max Phoenix Bg,Nike,67.04,BHD,,
Youth Jordan Spizike Low Bg,Jordan,69.32,BHD,,
Youth Air Max Dn Bg,Nike,52.93,BHD,70.35,-25%
Kids Slide Sandals,speedo,10.36,BHD,10.95,-6%
Youth Air Max Bia Bg,Nike,52.25,BHD,,
Kids Fade Nitro Pikachu Ps,PUMA,51.11,BHD,,
Kids Grand Court Spider-Man El,Adidas,30.62,BHD,,
